"Language","original","english","czech","german","russian","polish","hungarian","italian","spanish","french","chinese","japanese","portuguese","chinesesimp",
"STR_GG_TAB","GENERIC GUNPLAY","GENERIC GUNPLAY","GENERIC GUNPLAY","GENERIC GUNPLAY","GENERIC GUNPLAY","GENERIC GUNPLAY","GENERIC GUNPLAY","GENERIC GUNPLAY","GENERIC GUNPLAY","GENERIC GUNPLAY","GENERIC GUNPLAY","GENERIC GUNPLAY","GENERIC GUNPLAY","GENERIC GUNPLAY",
"STR_GG_CATEGORY_STATS","STAT DISPLAY","STAT DISPLAY","ZOBRAZENÍ STATISTIK","STAT-ANZEIGE","ОТОБРАЖЕНИЕ ХАРАКТЕРИСТИК","WYŚWIETLANIE STATYSTYK","STATISZTIKÁK MEGJELENÍTÉSE","VISUALIZZAZIONE STATISTICHE","VISUALIZACIÓN DE ESTADÍSTICAS","AFFICHAGE DES STATISTIQUES","數值顯示","ステータス表示","EXIBIÇÃO DE ESTATÍSTICAS","属性显示",
"STR_GG_SHOW_ALL_STATS","Show all gunplay stats","Show all gunplay stats","Zobrazit všechny statistiky střelby","Alle Gunplay-Werte anzeigen","Показывать все параметры стрельбы","Pokaż wszystkie statystyki broni","Összes fegyverstatisztika megjelenítése","Mostra tutte le statistiche delle armi","Mostrar todas las estadísticas de armas","Afficher toutes les statistiques des armes","顯示所有槍械數值","すべての銃器ステータスを表示","Mostrar todas as estatísticas de armas","显示所有枪械属性",
"STR_GG_TOOLTIP_STATS","Inventory tooltip","Inventory tooltip","Popisek v inventáři","Inventar-Tooltip","Подсказка в инвентаре","Podpowiedź w ekwipunku","Leltári elemleírás","Descrizione nell'inventario","Información en el inventario","Infobulle d'inventaire","物品欄提示","インベントリのツールチップ","Dica no inventário","物品栏提示",
"STR_GG_INSPECT_STATS","Inspect view","Inspect view","Zobrazení při prohlížení","Untersuchungsansicht","Просмотр предмета","Widok inspekcji","Vizsgálati nézet","Vista ispezione","Vista de inspección","Vue d'inspection","檢視畫面","調査ビュー","Vista de inspeção","检视界面",
"STR_GG_MARKET_STATS","Expansion Market","Expansion Market","Expansion Market","Expansion Market","Expansion Market","Expansion Market","Expansion Market","Expansion Market","Expansion Market","Expansion Market","Expansion Market","Expansion Market","Expansion Market","Expansion Market",
"STR_GG_CATEGORY_CROSSHAIR","CROSSHAIR","CROSSHAIR","ZAMĚŘOVAČ","FADENKREUZ","ПРИЦЕЛ","CELOWNIK","CÉLKERESZT","MIRINO","RETÍCULA","RÉTICULE","準星","クロスヘア","MIRA","准星",
"STR_GG_CROSSHAIR_MODE","Crosshair mode","Crosshair mode","Režim zaměřovače","Fadenkreuzmodus","Режим прицела","Tryb celownika","Célkereszt mód","Modalità mirino","Modo de retícula","Mode du réticule","準星模式","クロスヘアモード","Modo da mira","准星模式",
"STR_GG_WAITING_SERVER","Waiting for server settings","Waiting for server settings","Čekání na nastavení serveru","Warte auf Servereinstellungen","Ожидание настроек сервера","Oczekiwanie na ustawienia serwera","Várakozás a szerverbeállításokra","In attesa delle impostazioni del server","Esperando la configuración del servidor","En attente des paramètres du serveur","正在等待伺服器設定","サーバー設定を待機中","Aguardando as configurações do servidor","正在等待服务器设置",
"STR_GG_SERVER_MODE_VANILLA","Server controlled: Vanilla","Server controlled: Vanilla","Řízeno serverem: Vanilla","Vom Server vorgegeben: Vanilla","Управляется сервером: Vanilla","Sterowane przez serwer: Vanilla","Szerver által vezérelt: Vanilla","Controllato dal server: Vanilla","Controlado por el servidor: Vanilla","Contrôlé par le serveur : Vanilla","伺服器控制：Vanilla","サーバー制御: Vanilla","Controlado pelo servidor: Vanilla","服务器控制：Vanilla",
"STR_GG_SERVER_MODE_WEAPON","Server controlled: Weapon aligned","Server controlled: Weapon aligned","Řízeno serverem: podle zbraně","Vom Server vorgegeben: an Waffe ausgerichtet","Управляется сервером: по направлению оружия","Sterowane przez serwer: zgodnie z bronią","Szerver által vezérelt: fegyverhez igazítva","Controllato dal server: allineato all'arma","Controlado por el servidor: alineado con el arma","Contrôlé par le serveur : aligné sur l'arme","伺服器控制：依武器對齊","サーバー制御: 武器に追従","Controlado pelo servidor: alinhado com a arma","服务器控制：跟随武器",
"STR_GG_SERVER_MODE_LASER","Server controlled: Weapon aligned - laser only","Server controlled: Weapon aligned - laser only","Řízeno serverem: podle zbraně - pouze laser","Vom Server vorgegeben: an Waffe ausgerichtet - nur Laser","Управляется сервером: по направлению оружия - только лазер","Sterowane przez serwer: zgodnie z bronią - tylko laser","Szerver által vezérelt: fegyverhez igazítva - csak lézerrel","Controllato dal server: allineato all'arma - solo laser","Controlado por el servidor: alineado con el arma - solo láser","Contrôlé par le serveur : aligné sur l'arme - laser uniquement","伺服器控制：依武器對齊 - 僅限雷射","サーバー制御: 武器に追従 - レーザー使用時のみ","Controlado pelo servidor: alinhado com a arma - somente laser","服务器控制：跟随武器 - 仅限激光",
"STR_GG_DISABLED_BY_SERVER","Disabled by server","Disabled by server","Zakázáno serverem","Vom Server deaktiviert","Отключено сервером","Wyłączone przez serwer","A szerver letiltotta","Disabilitato dal server","Desactivado por el servidor","Désactivé par le serveur","已由伺服器停用","サーバーにより無効","Desativado pelo servidor","已由服务器禁用",
"STR_GG_NOT_ADJUSTABLE_WITH_VANILLA","Not adjustable with Vanilla","Not adjustable with Vanilla","S Vanilla nelze nastavit","Bei Vanilla nicht anpassbar","Недоступно с Vanilla","Niedostępne z Vanilla","Vanilla módban nem állítható","Non regolabile con Vanilla","No ajustable con Vanilla","Non réglable avec Vanilla","原版準星無法設定","バニラでは設定不可","Não ajustável com Vanilla","原版准星无法设置",
"STR_GG_OFF","Off","Off","Vypnuto","Aus","Выкл.","Wył.","Ki","Disattivato","Desactivado","Désactivé","關閉","オフ","Desativado","关闭",
"STR_GG_ON","On","On","Zapnuto","An","Вкл.","Wł.","Be","Attivato","Activado","Activé","開啟","オン","Ativado","开启",
"STR_GG_CROSSHAIR_VANILLA","Vanilla","Vanilla","Vanilla","Vanilla","Vanilla","Vanilla","Vanilla","Vanilla","Vanilla","Vanilla","Vanilla","Vanilla","Vanilla","Vanilla",
"STR_GG_CROSSHAIR_WEAPON","Weapon aligned","Weapon aligned","Podle zbraně","An Waffe ausgerichtet","По направлению оружия","Zgodnie z bronią","Fegyverhez igazítva","Allineato all'arma","Alineado con el arma","Aligné sur l'arme","依武器對齊","武器に追従","Alinhado com a arma","跟随武器",
"STR_GG_CROSSHAIR_LASER","Weapon aligned - laser only","Weapon aligned - laser only","Podle zbraně - pouze laser","An Waffe ausgerichtet - nur Laser","По направлению оружия - только лазер","Zgodnie z bronią - tylko laser","Fegyverhez igazítva - csak lézerrel","Allineato all'arma - solo laser","Alineado con el arma - solo láser","Aligné sur l'arme - laser uniquement","依武器對齊 - 僅限雷射","武器に追従 - レーザー使用時のみ","Alinhado com a arma - somente laser","跟随武器 - 仅限激光",
"STR_GG_CATEGORY_VISIBLE_STATS","VISIBLE STATS","VISIBLE STATS","VIDITELNÉ STATISTIKY","SICHTBARE WERTE","ВИДИМЫЕ ХАРАКТЕРИСТИКИ","WIDOCZNE STATYSTYKI","LÁTHATÓ STATISZTIKÁK","STATISTICHE VISIBILI","ESTADÍSTICAS VISIBLES","STATISTIQUES VISIBLES","可見數值","表示するステータス","ESTATÍSTICAS VISÍVEIS","可见属性",
"STR_GG_STAT_RECOIL","Recoil","Recoil","Zpětný ráz","Rückstoß","Отдача","Odrzut","Visszarúgás","Rinculo","Retroceso","Recul","後座力","反動","Recuo","后坐力",
"STR_GG_STAT_SWAY","Weapon sway","Weapon sway","Kolébání zbraně","Waffenschwanken","Раскачивание оружия","Kołysanie broni","Fegyverlengés","Oscillazione arma","Balanceo del arma","Oscillation de l'arme","武器晃動","武器の揺れ","Oscilação da arma","武器晃动",
"STR_GG_STAT_ADS","Aim speed (ADS)","Aim speed (ADS)","Zamíření (ADS)","Zielgeschwindigkeit (ADS)","Прицеливание (ADS)","Celowanie (ADS)","Célzás (ADS)","Mira (ADS)","Apuntar (ADS)","Visée (ADS)","瞄準速度 (ADS)","エイム速度 (ADS)","Mira (ADS)","瞄准速度 (ADS)",
"STR_GG_STAT_PRECISION","Precision","Precision","Přesnost","Präzision","Точность","Precyzja","Pontosság","Precisione","Precisión","Précision","精準度","精度","Precisão","精准度",
"STR_GG_STAT_DISPERSION","Dispersion","Dispersion","Rozptyl","Streuung","Разброс","Rozrzut","Szórás","Dispersione","Dispersión","Dispersion","散布","拡散","Dispersão","散布",
"STR_GG_STAT_HIPFIRE","Hipfire","Hipfire","Střelba od boku","Hüftfeuer","Стрельба от бедра","Strzał z biodra","Csípőtüzelés","Fuoco dal fianco","Disparo desde la cadera","Tir au jugé","腰射","腰だめ射撃","Tiro sem mirar","腰射",
"STR_GG_STAT_RPM","Rate of fire (RPM)","Rate of fire (RPM)","Kadence (RPM)","Feuerrate (RPM)","Темп стрельбы (RPM)","Szybkostrzelność (RPM)","Tűzgyorsaság (RPM)","Cadenza di fuoco (RPM)","Cadencia de tiro (RPM)","Cadence de tir (RPM)","射速 (RPM)","連射速度 (RPM)","Cadência de tiro (RPM)","射速 (RPM)",
"STR_GG_STAT_MUZZLE_VELOCITY","Muzzle velocity","Muzzle velocity","Úsťová rychlost","Mündungsgeschwindigkeit","Начальная скорость","Prędkość wylotowa","Csőtorkolati sebesség","Velocità alla volata","Velocidad de salida","Vitesse initiale","槍口初速","初速","Velocidade na boca","枪口初速",
"STR_GG_STAT_MAGAZINE_CAPACITY","Magazine capacity","Magazine capacity","Kapacita zásobníku","Magazinkapazität","Вместимость магазина","Pojemność magazynka","Tárkapacitás","Capacità caricatore","Capacidad del cargador","Capacité du chargeur","彈匣容量","マガジン容量","Capacidade do carregador","弹匣容量",
"STR_GG_STAT_AMMO_BALLISTICS","Ammo ballistics","Ammo ballistics","Balistika munice","Munitionsballistik","Баллистика боеприпасов","Balistyka amunicji","Lőszerballisztika","Balistica munizioni","Balística de munición","Balistique des munitions","彈藥彈道","弾薬の弾道","Balística da munição","弹药弹道",
"STR_GG_STAT_AMMO_DAMAGE","Ammo damage","Ammo damage","Poškození municí","Munitionsschaden","Урон боеприпасов","Obrażenia amunicji","Lőszersebzés","Danno munizioni","Daño de munición","Dégâts des munitions","彈藥傷害","弾薬ダメージ","Dano da munição","弹药伤害",
"STR_GG_STAT_ARMOR","Armor","Armor","Ochrana","Rüstung","Броня","Pancerz","Páncél","Armatura","Armadura","Armure","護甲","防具","Armadura","护甲",
"STR_GG_CROSSHAIR_COLOR","Crosshair color","Crosshair color","Barva zaměřovače","Fadenkreuzfarbe","Цвет прицела","Kolor celownika","Célkereszt színe","Colore mirino","Color de retícula","Couleur du réticule","準星顏色","クロスヘアの色","Cor da mira","准星颜色",
"STR_GG_COLOR_WHITE","White","White","Bílá","Weiß","Белый","Biały","Fehér","Bianco","Blanco","Blanc","白色","白","Branco","白色",
"STR_GG_COLOR_RED","Red","Red","Červená","Rot","Красный","Czerwony","Piros","Rosso","Rojo","Rouge","紅色","赤","Vermelho","红色",
"STR_GG_COLOR_GREEN","Green","Green","Zelená","Grün","Зеленый","Zielony","Zöld","Verde","Verde","Vert","綠色","緑","Verde","绿色",
"STR_GG_COLOR_CYAN","Cyan","Cyan","Azurová","Cyan","Голубой","Cyjan","Cián","Ciano","Cian","Cyan","青色","シアン","Ciano","青色",
"STR_GG_COLOR_YELLOW","Yellow","Yellow","Žlutá","Gelb","Желтый","Żółty","Sárga","Giallo","Amarillo","Jaune","黃色","黄","Amarelo","黄色",
"STR_GG_COLOR_ORANGE","Orange","Orange","Oranžová","Orange","Оранжевый","Pomarańczowy","Narancssárga","Arancione","Naranja","Orange","橙色","オレンジ","Laranja","橙色",
"STR_GG_CROSSHAIR_STYLE","Crosshair style","Crosshair style","Styl zaměřovače","Fadenkreuzstil","Стиль прицела","Styl celownika","Célkereszt stílusa","Stile mirino","Estilo de retícula","Style du réticule","準星樣式","クロスヘアのスタイル","Estilo da mira","准星样式",
"STR_GG_STYLE_CLASSIC","Classic","Classic","Klasický","Klassisch","Классический","Klasyczny","Klasszikus","Classico","Clásico","Classique","經典","クラシック","Clássico","经典",
"STR_GG_STYLE_DOT","Dot","Dot","Tečka","Punkt","Точка","Kropka","Pont","Punto","Punto","Point","圓點","ドット","Ponto","圆点",
"STR_GG_STYLE_OPEN_CROSS","Open cross","Open cross","Otevřený kříž","Offenes Kreuz","Открытый крест","Otwarty krzyż","Nyitott kereszt","Croce aperta","Cruz abierta","Croix ouverte","開放十字","オープンクロス","Cruz aberta","开放十字",
"STR_GG_STYLE_TACTICAL_T","Tactical T","Tactical T","Taktické T","Taktisches T","Тактическая T","Taktyczne T","Taktikai T","T tattica","T táctica","T tactique","戰術 T","タクティカルT","T tático","战术 T",
"STR_GG_STYLE_BRACKETS","Brackets","Brackets","Závorky","Klammern","Скобки","Nawiasy","Zárójelek","Parentesi","Corchetes","Crochets","括號","ブラケット","Colchetes","括号",
"STR_GG_STYLE_CROSS_DOT","Cross + dot","Cross + dot","Kříž + tečka","Kreuz + Punkt","Крест + точка","Krzyż + kropka","Kereszt + pont","Croce + punto","Cruz + punto","Croix + point","十字 + 圓點","クロス + ドット","Cruz + ponto","十字 + 圆点",
"STR_GG_CROSSHAIR_OPACITY","Crosshair opacity","Crosshair opacity","Krytí zaměřovače","Fadenkreuz-Deckkraft","Прозрачность прицела","Krycie celownika","Célkereszt átlátszatlansága","Opacità mirino","Opacidad de la retícula","Opacité du réticule","準星不透明度","クロスヘアの不透明度","Opacidade da mira","准星不透明度",
"STR_GG_OPACITY_25","25%","25%","25%","25%","25%","25%","25%","25%","25%","25%","25%","25%","25%","25%",
"STR_GG_OPACITY_50","50%","50%","50%","50%","50%","50%","50%","50%","50%","50%","50%","50%","50%","50%",
"STR_GG_OPACITY_75","75%","75%","75%","75%","75%","75%","75%","75%","75%","75%","75%","75%","75%","75%",
"STR_GG_OPACITY_100","100%","100%","100%","100%","100%","100%","100%","100%","100%","100%","100%","100%","100%","100%",
